Nguyen Huu Khang~metalbox~password~69988139~460~12.1~3~46 Le Van Ben~Beautiful garden~Ho Chi Minh~100~1~0~7~01/01/2023/21/01/2023~lnnnnnn: Clean as f, gonna go back again~
Khanh Lin~lnnnnnn~password2~12324333~500~0~0~~~~0~0~0~0~01/01/0001/01/01/0001~
Khoi~david~password3~763332267~621~9~2~16 Mai Van Vinh~Strong and Healthy~Hannoi~7.7~12~0~9~01/01/0001/01/01/0001~metalbox: Feels good man~lnnnnnn: Lack technology~
khang~khang~khang~1~500~0~0~~~~0~0~0~0~01/01/0001/01/01/0001~
duy~duy~duy~1~500~0~0~~~~0~0~0~0~01/01/0001/01/01/0001~
REQUESTS~
lnnnnnn~11/01/2023/15/01/2023~0~david~19/12/2003/12/03/2004~1~
None~
metalbox~15/02/2013/12/03/2014~0~
None~
None~
